id;url;statut;description
449;https://succulentes.net/;déjà présente;Encyclopédie des plantes ornementales : succulentes, palmiers, cycadales, bambous, plantes aquatiques. Des fiches de culture claires, même pour débuter.
13857;https://succulentes.net/agavoides/;ajoutée;Agave, Yucca, Dasylirion, Nolina, Beaucarnea… Découvrez les genres d'agavoïdes, plantes de structure au port graphique, et les clés de leur culture.
15233;https://succulentes.net/agavoides/hesperaloe/;ajoutée;Le genre Hesperaloe réunit des plantes xérophytes de la famille des Agavacées, issues des régions arides d'Amérique. Découvrez Hesperaloe parviflora.
14991;https://succulentes.net/bambous/;ajoutée;Les bambous, graminées ligneuses : classification, rhizomes traçants ou cespiteux, répartition, usages et culture au jardin et en climat méditerranéen.
15035;https://succulentes.net/bambous/bambusa/;ajoutée;Bambusa, bambous cespiteux de la tribu des Bambuseae : reconnaissance, espèces et cultivars phares, conditions de culture et sensibilité au froid.
18287;https://succulentes.net/bambous/chusquea/;ajoutée;Chusquea, bambous à chaumes pleins d'Amérique, du Mexique à la Patagonie : taxonomie, écologie, espèces comme Chusquea culeou et culture en Europe.
15054;https://succulentes.net/bambous/dendrocalamus/;ajoutée;Dendrocalamus, bambous géants cespiteux d'Asie tropicale : reconnaissance, usages, culture, floraison et principales espèces comme Dendrocalamus giganteus.
15010;https://succulentes.net/bambous/phyllostachys/;ajoutée;Phyllostachys, bambous tempérés à rhizomes traçants : caractères du genre, espèces vendues en Europe, conseils de plantation et maîtrise de leur vigueur.
535;https://succulentes.net/culture-entretien-des-plantes-succulentes/;ajoutée;Exposition, pot ou pleine terre, substrat, engrais, arrosage, parasites et multiplication : nos conseils pour réussir la culture des plantes succulentes.
13826;https://succulentes.net/cycadales/;ajoutée;Plantes archaïques proches des conifères, les cycadales produisent des cônes. Découvrez leurs genres : Cycas, Dioon, Encephalartos, Zamia, Macrozamia…
12142;https://succulentes.net/cycadales/bowenia/;ajoutée;Bowenia, cycadales endémiques du Queensland au feuillage de fougère : écologie de B. spectabilis et B. serrulata, phylogénie et FAQ de culture.
9866;https://succulentes.net/cycadales/ceratozamia/;ajoutée;Ceratozamia, cycadales du Mexique et d'Amérique centrale : habitats, semis, culture, résistance au froid, classification et FAQ pour les jardins doux.
1256;https://succulentes.net/cycadales/cycas/;ajoutée;Cycas, genre de cycadales le plus riche : sections, espèces par région, rusticité et conseils de culture, de Cycas revoluta aux espèces tropicales.
3794;https://succulentes.net/cycadales/dioon/;ajoutée;Dioon, cycadales du Mexique et d'Amérique centrale : différences avec Cycas et Encephalartos, exposition, substrat, rusticité et espèces cultivées.
14229;https://succulentes.net/cycadales/encephalartos/;ajoutée;Encephalartos, cycadales d'Afrique : semis, culture en pleine terre ou en pot, protection CITES, espèces cultivées et FAQ sur le froid et le substrat.
13803;https://succulentes.net/cycadales/lepidozamia/;ajoutée;Lepidozamia, cycadales de l'est australien : deux espèces, habitat forestier, cônes géants, pollinisation, culture et comparaison avec Macrozamia.
1453;https://succulentes.net/cycadales/macrozamia/;déjà présente;Le genre Macrozamia comprend de nombreuses espèces de cycas qui passionnent les collectionneurs de plantes rares et les jardiniers.
13865;https://succulentes.net/cycadales/microcycas/;ajoutée;Microcycas, genre monotypique de Cuba : Microcycas calocoma, fossile vivant en danger critique. Étymologie, phylogénie, caractères et conservation.
4081;https://succulentes.net/cycadales/stangeria/;ajoutée;Stangeria, cycadales d'Afrique du Sud et du Mozambique à l'aspect de fougère : une espèce unique, Stangeria eriopus, en forme forestière ou de prairie.
3963;https://succulentes.net/cycadales/zamia/;ajoutée;Zamia, genre de cycadales le plus diversifié d'Amérique : répartition, morphologie, rusticité, culture en pot ou sous serre et espèces classées par clades.
594;https://succulentes.net/especes-plantes-grasses/;déjà présente;Les plantes succulentes se retrouvent presque partout sur terre. Beaucoup sont ornementales et peuvent être cultivées facilement.
8281;https://succulentes.net/especes-plantes-grasses/acacia/;ajoutée;Le genre Acacia réunit environ 1500 espèces, surtout australiennes, dont le mimosa d'hiver. Découvrez les principales espèces cultivées en jardin littoral.
3548;https://succulentes.net/especes-plantes-grasses/adansonia/;ajoutée;Adansonia, les baobabs de Madagascar, d'Afrique et d'Australie : usages, espèces menacées, semis, bouturage et culture en pot sous climat tempéré.
6859;https://succulentes.net/especes-plantes-grasses/adenia/;déjà présente;Plusieurs espèces du genre Adenia sont xérophytes et forment des tiges ou des bases élargies. Ces caudex intéressent les collectionneurs.
3512;https://succulentes.net/especes-plantes-grasses/adenium/;ajoutée;Adenium, roses du désert à caudex d'Afrique et d'Arabie : botanique, écologie, toxicité, culture en pot, arrosage, multiplication et espèces du genre.
6392;https://succulentes.net/especes-plantes-grasses/aechmea/;déjà présente;Le genre Aechmea comporte 250 espèces, dont certains sont suffisamment résistantes au froid pour être cultivées en climat méditerranéen.
3897;https://succulentes.net/especes-plantes-grasses/aeonium/;déjà présente;le genre Aeonium comprend des plantes grasses que l'on peut cultiver en pot. Peu résistantes au gel, on les cultive rarement en pleine terre.
1018;https://succulentes.net/especes-plantes-grasses/agave/;ajoutée;Agave, succulentes américaines monocarpiques : origine, choix selon la rusticité avec tableau, substrat, arrosage, multiplication, ravageurs et espèces.
3594;https://succulentes.net/especes-plantes-grasses/alluaudia/;ajoutée;Alluaudia, arbres pieuvres de la forêt épineuse de Madagascar : taxinomie, morphologie, six espèces, écologie, culture en collection et conservation.
996;https://succulentes.net/especes-plantes-grasses/aloe/;déjà présente;Les aloès se retrouvent naturellement en Afrique et au Moyen-Orient. Madagascar et l'Afrique du Sud sont d'importants centres de diversité.
23856;https://succulentes.net/especes-plantes-grasses/anacardiaceae/;ajoutée;La famille des Anacardiaceae, de la mangue à la pistache : caractères botaniques, répartition, précautions et pachycaules Operculicarya et Pachycormus.
23857;https://succulentes.net/especes-plantes-grasses/anacardiaceae/operculicarya/;ajoutée;Operculicarya, pachycaules de Madagascar prisés en bonsaï tropical : morphologie, habitat, espèces comme O. decaryi et O. pachypus, conseils de culture.
23858;https://succulentes.net/especes-plantes-grasses/anacardiaceae/pachycormus/;ajoutée;Pachycormus discolor, l'arbre éléphant de Basse-Californie : tronc blanc pachycaule, habitat désertique, dormance estivale, floraison rose et culture.
23902;https://succulentes.net/especes-plantes-grasses/apocynaceae/;ajoutée;La famille des Apocynaceae : caractères botaniques, latex, genres pachycaules comme Adenium, Pachypodium et Fockea, toxicité et conseils de culture.
23903;https://succulentes.net/especes-plantes-grasses/apocynaceae/fockea/;ajoutée;Fockea, plantes caudiformes d'Afrique du Sud et de Namibie à tubercule massif et tiges volubiles : espèces dont Fockea edulis, habitat et culture.
5061;https://succulentes.net/especes-plantes-grasses/astrophytum/;ajoutée;Astrophytum, cactées du Mexique et du sud-ouest des États-Unis, prisées pour leur petite taille et leur culture facile. Découvrez les espèces du genre.
7933;https://succulentes.net/especes-plantes-grasses/banksia/;déjà présente;Le genre Banksia appartient à la famille des Protéacées. Parfois de culture délicate, on peut les essayer dans les jardins les mieux abrités.
3093;https://succulentes.net/especes-plantes-grasses/beaucarnea/;ajoutée;Beaucarnea, xérophytes d'Amérique centrale proches des Nolina, dites pieds d'éléphant pour leur caudex liégeux. Découvrez les espèces présentes en culture.
2851;https://succulentes.net/especes-plantes-grasses/beschorneria/;ajoutée;Beschorneria, succulentes du continent américain résistantes à la sécheresse et à floraison ornementale. Découvrez les principales espèces du genre.
4398;https://succulentes.net/especes-plantes-grasses/brachychiton/;ajoutée;Brachychiton, arbres bouteilles d'Australie : écologie, reconnaissance, culture en jardin sec ou en pot, rusticité, semis et portraits d'espèces.
23852;https://succulentes.net/especes-plantes-grasses/burseraceae/;ajoutée;La famille des Burseraceae, source de myrrhe, d'encens et de copal : caractères botaniques, pachycaulie, répartition, histoire et conservation.
23855;https://succulentes.net/especes-plantes-grasses/burseraceae/boswellia/;ajoutée;Boswellia, arbres à encens d'Afrique, d'Arabie et d'Inde : morphologie, histoire et chimie de l'oliban, répartition, menaces et conseils de culture.
23854;https://succulentes.net/especes-plantes-grasses/burseraceae/bursera/;ajoutée;Bursera, pachycaules du Mexique à l'écorce desquamante multicolore : morphologie, répartition, copal rituel, espèces remarquables et culture.
23853;https://succulentes.net/especes-plantes-grasses/burseraceae/commiphora/;ajoutée;Commiphora, pachycaules d'Afrique et d'Arabie, source de la myrrhe : écorce photosynthétique, répartition, espèces de collection et conseils de culture.
6541;https://succulentes.net/especes-plantes-grasses/butyagrus/;ajoutée;Butyagrus, palmiers hybrides entre Butia et Syagrus : vigueur hybride, croissance rapide et résistance au froid héritée de Butia. Intérêt et rareté.
23780;https://succulentes.net/especes-plantes-grasses/cactaceae/;ajoutée;La famille des Cactaceae : sous-familles, aréoles, métabolisme CAM, répartition, usages, conservation et fiches détaillées de dix-huit genres de cactus.
23797;https://succulentes.net/especes-plantes-grasses/cactaceae/astrophytum/;ajoutée;Astrophytum, cactus étoilés du Mexique : six espèces aux flocons blancs et fleurs jaunes, morphologie, habitat, culture en collection et conservation.
23792;https://succulentes.net/especes-plantes-grasses/cactaceae/carnegiea/;ajoutée;Carnegiea gigantea, le saguaro du désert de Sonora et seul représentant du genre : morphologie, fleurs nocturnes, habitat, culture et protection.
23785;https://succulentes.net/especes-plantes-grasses/cactaceae/cereus/;ajoutée;Cereus, grands cactus columnaires d'Amérique du Sud aux fleurs nocturnes : classification, morphologie, répartition, espèces phares et culture.
23804;https://succulentes.net/especes-plantes-grasses/cactaceae/cleistocactus/;ajoutée;Cleistocactus, cactus columnaires andins aux fleurs tubulaires mi-closes pollinisées par les colibris : morphologie, espèces, culture et rusticité.
23789;https://succulentes.net/especes-plantes-grasses/cactaceae/echinocactus/;ajoutée;Echinocactus, cactus globuleux du Mexique et du sud-ouest américain, dont le coussin de belle-mère : morphologie, espèces, culture et conservation.
23786;https://succulentes.net/especes-plantes-grasses/cactaceae/echinopsis/;ajoutée;Echinopsis, cactus sud-américains aux fleurs spectaculaires, des globes aux colonnes andines : classification, espèces, culture et rusticité.
23788;https://succulentes.net/especes-plantes-grasses/cactaceae/ferocactus/;ajoutée;Ferocactus, cactus tonneaux du Mexique et du sud-ouest américain aux épines colorées et recourbées : morphologie, espèces, culture, rusticité.
23793;https://succulentes.net/especes-plantes-grasses/cactaceae/gymnocalycium/;ajoutée;Gymnocalycium, cactus globuleux d'Amérique du Sud très florifères et faciles à cultiver : morphologie, habitat, espèces phares et conseils de culture.
23787;https://succulentes.net/especes-plantes-grasses/cactaceae/mammillaria/;ajoutée;Mammillaria, près de 200 espèces de cactus à tubercules et couronnes de fleurs, surtout mexicains : morphologie, espèces, culture et conservation.
23805;https://succulentes.net/especes-plantes-grasses/cactaceae/melocactus/;ajoutée;Melocactus, cactus des Antilles et du Brésil coiffés d'un céphalium laineux : morphologie, habitat côtier, espèces, culture en serre chaude, conservation.
23806;https://succulentes.net/especes-plantes-grasses/cactaceae/myrtillocactus/;ajoutée;Myrtillocactus, cactus arborescents bleutés du Mexique et du Guatemala aux fruits comestibles, les garambullos : morphologie, espèces, culture.
23784;https://succulentes.net/especes-plantes-grasses/cactaceae/opuntia/;ajoutée;Opuntia, figuiers de Barbarie et nopals du Canada à la Patagonie : glochides, cladodes, fruits comestibles, espèces phares, culture et rusticité.
23794;https://succulentes.net/especes-plantes-grasses/cactaceae/parodia/;ajoutée;Parodia, cactus globuleux sud-américains incluant les anciens Notocactus : épines colorées, fleurs apicales, espèces populaires et conseils de culture.
23802;https://succulentes.net/especes-plantes-grasses/cactaceae/pilosocereus/;ajoutée;Pilosocereus, cactus columnaires bleutés du Brésil et d'Amérique centrale au sommet laineux : morphologie, espèces, culture en serre et conservation.
23799;https://succulentes.net/especes-plantes-grasses/cactaceae/rhipsalis/;ajoutée;Rhipsalis, cactus épiphytes des forêts humides, seul genre présent hors d'Amérique : tiges retombantes, baies décoratives, espèces et culture en intérieur.
23790;https://succulentes.net/especes-plantes-grasses/cactaceae/schlumbergera/;ajoutée;Schlumbergera, cactus de Noël et de Pâques épiphytes du Brésil : morphologie, floraison, espèces et hybrides, conseils de culture en intérieur.
23791;https://succulentes.net/especes-plantes-grasses/cactaceae/selenicereus/;ajoutée;Selenicereus, cactus grimpants du fruit du dragon et de la reine de la nuit : fleurs nocturnes géantes, espèces de pitahaya, culture et rusticité.
23807;https://succulentes.net/especes-plantes-grasses/cactaceae/stenocereus/;ajoutée;Stenocereus, cactus columnaires ramifiés du Mexique aux fruits comestibles, dont l'organ pipe et le cactus marcheur : morphologie, espèces, culture.
5227;https://succulentes.net/especes-plantes-grasses/calibanus/;ajoutée;Calibanus, genre proche des nolines qui compte deux espèces xérophytes du Mexique à caudex, cultivables dans les jardins abrités du sud-est de la France.
8556;https://succulentes.net/especes-plantes-grasses/callistemon/;ajoutée;Callistemon, les rince-bouteilles : arbres et arbustes persistants très florifères de la famille des Myrtacées, parfois assez rustiques pour le jardin.
5072;https://succulentes.net/especes-plantes-grasses/cereus/;ajoutée;Cereus, cactées colonnaires d'Amérique du Sud pouvant atteindre 15 mètres, de culture facile et parfois rustiques. Découvrez la liste des espèces du genre.
6019;https://succulentes.net/especes-plantes-grasses/chamaedorea/;déjà présente;Les palmiers du genre Chamaedorea sont des plantes de petites dimensions que l'on peut cultiver en intérieur en pot et parfois en extérieur.
5391;https://succulentes.net/especes-plantes-grasses/chamaerops/;déjà présente;Chamaerops humilis est un palmier méditerranéen de port compact et qui reste assez petit. Il est aussi l'un des plus résistants au froid.
7435;https://succulentes.net/especes-plantes-grasses/chorisia/;ajoutée;Chorisia, deux espèces d'arbres pachycaules sud-américains au tronc épineux et à floraison abondante, cultivables dans les jardins abrités méditerranéens.
5086;https://succulentes.net/especes-plantes-grasses/cleistocactus/;ajoutée;Cleistocactus, cactées colonnaires d'Amérique du Sud à tiges étroites densément épineuses. Découvrez C. strausii, cultivable dans les jardins abrités.
5098;https://succulentes.net/especes-plantes-grasses/copiapoa/;ajoutée;Copiapoa, plus de trente espèces de cactus globuleux des déserts côtiers d'Amérique du Sud, dont l'Atacama : habitat aride et sensibilité à la pourriture.
4782;https://succulentes.net/especes-plantes-grasses/cordyline/;ajoutée;Cordyline, plantes ornementales proches des yuccas, riches en cultivars colorés. Rusticité de Cordyline australis et principales espèces en culture.
14642;https://succulentes.net/especes-plantes-grasses/crassula/;ajoutée;Crassula, plus de 300 succulentes d'Afrique australe : reconnaître le genre, culture en pot ou pleine terre, bouturage, problèmes courants, espèces phares.
12476;https://succulentes.net/especes-plantes-grasses/cussonia/;ajoutée;Cussonia, arbres africains palmiformes de la famille des Araliaceae : habitat, rusticité, espèces cultivées, culture, semis et jardins botaniques.
9895;https://succulentes.net/especes-plantes-grasses/cyathea/;déjà présente;Le genre Cyathea regroupe des fougères arborescentes appréciées pour leurs qualités ornementales. Certaines sont rustiques pour nos jardins.
3630;https://succulentes.net/especes-plantes-grasses/cylindropuntia/;ajoutée;Cylindropuntia ou chollas : cactus américains souvent rustiques, aux épines redoutables. Culture, bouturage des segments et liste des espèces du genre.
2563;https://succulentes.net/especes-plantes-grasses/dasylirion/;ajoutée;Dasylirion ou sotols : 23 espèces du Mexique et du sud-ouest des États-Unis. Taxonomie, clé d'identification, culture, rusticité et usages du sotol.
5244;https://succulentes.net/especes-plantes-grasses/didierea/;ajoutée;Didierea, les arbres pieuvres de la forêt épineuse de Madagascar : taxinomie, morphologie, culture et conservation des deux espèces du genre.
6727;https://succulentes.net/especes-plantes-grasses/doryanthes/;ajoutée;Doryanthes, lys géants de l'est australien : les deux espèces, excelsa et palmeri, leurs différences, floraison, culture, rusticité et conservation.
3381;https://succulentes.net/especes-plantes-grasses/dracaena/;ajoutée;Dracaena, les dragonniers : un genre élargi aux ex-Sansevieria. Botanique, répartition, culture des espèces arborescentes et rhizomateuses, sang-dragon.
3396;https://succulentes.net/especes-plantes-grasses/dracaena/draco/;déjà présente;Dracaena draco est une plante succulente spectaculaire qui peut être cultivée dans les jardins les plus abrités du sud-est de la France.
21587;https://succulentes.net/especes-plantes-grasses/echeveria/;ajoutée;Echeveria, rosettes emblématiques originaires des Amériques : histoire, morphologie, classification, principales espèces, hybrides et conseils de culture.
3143;https://succulentes.net/especes-plantes-grasses/echinocactus/;ajoutée;Echinocactus, les cactus tonneaux du Mexique et du sud-ouest américain : coussin de belle-mère, viznaga, horse crippler, culture et rusticité comparée.
5309;https://succulentes.net/especes-plantes-grasses/echinocereus/;ajoutée;Echinocereus, petits cactus du sud-ouest des États-Unis et du nord du Mexique, souvent résistants au gel. Culture en pleine terre, hivernage et floraison.
2414;https://succulentes.net/especes-plantes-grasses/echinopsis/;ajoutée;Echinopsis, cactus d'Amérique du Sud incluant les anciens Trichocereus : culture en extérieur en climat méditerranéen et espèces fréquentes en collection.
5107;https://succulentes.net/especes-plantes-grasses/epiphyllum/;ajoutée;Epiphyllum, cactus épiphytes d'Amérique latine tropicale. Découvrez pourquoi leur culture diffère des succulentes de désert et rappelle les orchidées.
8200;https://succulentes.net/especes-plantes-grasses/erythrina/;ajoutée;Erythrina, environ 130 espèces de Fabacées à floraison rouge ou orangée, dont les arbres corail. Principales érythrines en culture et sensibilité au froid.
5124;https://succulentes.net/especes-plantes-grasses/espostoa/;ajoutée;Espostoa, cactus colonnaires des Andes d'Amérique du Sud, couverts d'épines et d'une soie blanche qui les protège du soleil et favorise la rosée.
3326;https://succulentes.net/especes-plantes-grasses/euphorbia/;déjà présente;Le genre Euphorbia présente une remarquable diversité de plantes succulentes. Ces euphorbes sont objets de collection en jardins botaniques.
7762;https://succulentes.net/especes-plantes-grasses/fascicularia/;déjà présente;Le genre Fascicularia est endémique du Chili et regroupe des Broméliacées ornementales et assez résistantes aux températures négatives.
2890;https://succulentes.net/especes-plantes-grasses/ferocactus/;ajoutée;Ferocactus, cactus globulaires ou cylindriques aux épines spectaculaires. Culture en pot ou en pleine terre, humidité hivernale et principales espèces.
21182;https://succulentes.net/especes-plantes-grasses/fouquieracees/;ajoutée;Fouquieriaceae, famille endémique d'Amérique du Nord : caractères distinctifs, taxonomie, biogéographie, pollinisation et conservation de ses onze espèces.
4125;https://succulentes.net/especes-plantes-grasses/fouquieria/;ajoutée;Fouquieria, unique genre des Fouquieriaceae : 11 espèces du Mexique et du sud-ouest américain, dont l'ocotillo et le cirio. Classification et culture.
5182;https://succulentes.net/especes-plantes-grasses/furcraea/;ajoutée;Furcraea, grandes rosettes d'Amérique tropicale souvent confondues avec les agaves : critères de distinction, rusticité, culture, bulbilles et fibres.
8122;https://succulentes.net/especes-plantes-grasses/grevillea/;ajoutée;Grevillea, Protéacées surtout australiennes : arbustes et arbres à floraison ornementale, culture en pleine terre ou en pot et principales espèces.
8624;https://succulentes.net/especes-plantes-grasses/hakea/;ajoutée;Hakea, arbustes et arbres ornementaux de la famille des Protéacées. Découvrez pourquoi Hakea sericea et Hakea salicifolia envahissent l'Estérel.
7613;https://succulentes.net/especes-plantes-grasses/hechtia/;ajoutée;Hechtia, Broméliacées xérophytes d'Amérique centrale et du Texas, dont plusieurs espèces se cultivent en pleine terre sous hivers doux. Espèces courantes.
5330;https://succulentes.net/especes-plantes-grasses/hylocereus/;ajoutée;Hylocereus, cactus lianescents d'Amérique tropicale et des Caraïbes. Découvrez Hylocereus undatus, l'espèce la plus cultivée, qui produit la pitaya.
3621;https://succulentes.net/especes-plantes-grasses/jatropha/;ajoutée;Jatropha, Euphorbiacées du continent américain, toxiques mais aux propriétés médicinales, d'où leur nom de médiciniers. Présentation du genre.
5202;https://succulentes.net/especes-plantes-grasses/kalanchoe/;ajoutée;Kalanchoe, Crassulacées d'Afrique et d'Asie, dont la moitié des espèces à Madagascar : bulbilles, espèces envahissantes et feuillages ornementaux.
5410;https://succulentes.net/especes-plantes-grasses/le-genre-butia/;ajoutée;Butia, palmiers à feuilles pennées d'Amérique du Sud, cultivés en France sous hivers modérés. Butia capitata devenu Butia odorata et conseils de culture.
9534;https://succulentes.net/especes-plantes-grasses/leonotis/;ajoutée;Leonotis, Lamiacées arbustives d'Afrique, de Madagascar et d'Asie du sud : floraison vive, usages médicinaux, caractère invasif et espèces cultivées.
7739;https://succulentes.net/especes-plantes-grasses/livistona/;déjà présente;Les palmiers du genre Livistona intéressent les collectionneurs pour leurs feuilles palmées et leur stipe élancé.
6637;https://succulentes.net/especes-plantes-grasses/lomandra/;ajoutée;Lomandra, plantes herbacées d'Océanie à l'allure de graminée : rusticité, exposition, arrosage, multiplication par division et espèces en culture.
5115;https://succulentes.net/especes-plantes-grasses/lophophora/;ajoutée;Lophophora, cactus globulaires du Mexique et du sud du Texas, dont le peyotl Lophophora williamsii, connus pour la mescaline et une détention réglementée.
23900;https://succulentes.net/especes-plantes-grasses/malvaceae/;ajoutée;Malvaceae, vaste famille d'environ 4 200 espèces : caractères botaniques, plantes emblématiques, baobabs, fromagers et culture des espèces pachycaules.
5131;https://succulentes.net/especes-plantes-grasses/mammillaria/;ajoutée;Mammillaria, l'un des plus grands genres de cactées, surtout mexicain : petites plantes sphériques ou colonnaires, variées et prisées des collectionneurs.
5318;https://succulentes.net/especes-plantes-grasses/melocactus/;ajoutée;Melocactus, cactus des Caraïbes et d'Amérique tropicale qui forment un céphalium coloré avec l'âge. Habitat, sensibilité au froid et hivernage en culture.
3745;https://succulentes.net/especes-plantes-grasses/moringa/;ajoutée;Moringa, arbres et arbustes tropicaux au tronc pachycaule de la famille des Moringaceae : description, principales espèces et conseils de culture en pot.
23898;https://succulentes.net/especes-plantes-grasses/moringaceae/;ajoutée;Moringaceae, famille à genre unique, Moringa, et 13 espèces : caractères botaniques, Moringa oleifera l'arbre miracle, arbres-bouteilles et culture.
5144;https://succulentes.net/especes-plantes-grasses/myrtillocactus/;ajoutée;Myrtillocactus, cactus du Mexique et du Guatemala comptant quatre espèces, dont Myrtillocactus geometrizans, très cultivé dans les jardins de cactus.
6804;https://succulentes.net/especes-plantes-grasses/nannorrhops/;déjà présente;Nannorrhops ritchiana est un palmier du Moyen-Orient qui démontre une bonne résistance au gel, mais demande de la chaleur pour bien pousser.
2819;https://succulentes.net/especes-plantes-grasses/neobuxbaumia/;ajoutée;Neobuxbaumia, genre de cactus colonnaires. Découvrez les espèces présentes en culture, Neobuxbaumia euphorbioides et Neobuxbaumia polylopha.
1047;https://succulentes.net/especes-plantes-grasses/nolina/;ajoutée;Nolina, xérophytes d'Amérique souvent cultivées avec les plantes grasses : origine, rusticité, semis, floraison répétée et principales espèces en culture.
10030;https://succulentes.net/especes-plantes-grasses/nymphaea/;déjà présente;Le genre Nymphaea compte de nombreuses espèces de nénuphars ainsi que leurs hybrides. Il est très populaire dans les jardins aquatiques.
10307;https://succulentes.net/especes-plantes-grasses/nymphoides/;ajoutée;Nymphoides, plantes aquatiques proches des nénuphars, à floraison plus discrète que les Nymphaea. Découvrez les espèces, dont Nymphoides peltata.
7696;https://succulentes.net/especes-plantes-grasses/ochagavia/;déjà présente;Le genre Ochagavia regroupe des plantes terrestres originaires du Chili. La résistance au gel permet la culture en extérieur.
2929;https://succulentes.net/especes-plantes-grasses/opuntia/;ajoutée;Opuntia ou oponces, cactus américains du Canada à la Patagonie, dont le figuier de Barbarie. Liste des espèces courantes et adaptées aux jardins en France.
3716;https://succulentes.net/especes-plantes-grasses/pachycereus/;ajoutée;Pachycereus, cactus cierges colonnaires du Mexique dont le nom signifie cierge épais. Découvrez les espèces du genre, dont Pachycereus pringlei.
3174;https://succulentes.net/especes-plantes-grasses/pachypodium/;ajoutée;Pachypodium, succulentes à caudex de Madagascar et d'Afrique australe : cycle annuel, lumière, arrosage, dormance, substrat, froid et espèces cultivées.
23895;https://succulentes.net/especes-plantes-grasses/pedaliaceae/;ajoutée;Pedaliaceae, famille du sésame qui compte aussi des plantes caudiformes d'Afrique et de Madagascar, Uncarina et Pterodiscus. Botanique et genres.
23896;https://succulentes.net/especes-plantes-grasses/pedaliaceae/pterodiscus/;ajoutée;Pterodiscus, plantes caudiformes d'Afrique australe et orientale aux fleurs roses à jaunes. Description, espèces, habitat et conseils de culture en pot.
4693;https://succulentes.net/especes-plantes-grasses/phoenix/;ajoutée;Phoenix, palmiers d'Afrique, d'Europe et d'Asie : dattier, dattier des Canaries et charançon rouge, culture en climat méditerranéen et liste des espèces.
8702;https://succulentes.net/especes-plantes-grasses/phytolacca/;ajoutée;Phytolacca, deux espèces ornementales cultivées en Europe : Phytolacca americana, adventice envahissante, et Phytolacca dioica, arbre des hivers doux.
3605;https://succulentes.net/especes-plantes-grasses/plumeria/;ajoutée;Plumeria ou frangipaniers, Apocynacées tropicales aux fleurs colorées et parfumées. Toxicité, culture en intérieur et espèces, dont Plumeria rubra.
5255;https://succulentes.net/especes-plantes-grasses/pseudobombax/;ajoutée;Pseudobombax, genre d'Amérique latine apparenté aux baobabs, dont plusieurs espèces xérophytes intéressent les collectionneurs. Liste des espèces décrites.
6299;https://succulentes.net/especes-plantes-grasses/puya/;déjà présente;Le genre Puya comprend de nombreuses espèces résistantes au froid. Mais ces Broméliacées sont peu cultivées en dehors des jardins botaniques.
9784;https://succulentes.net/especes-plantes-grasses/rhapidophyllum/;ajoutée;Rhapidophyllum, genre à espèce unique : Rhapidophyllum hystrix, le palmier porc-épic au stipe épineux, réputé le plus résistant au froid de sa famille.
8773;https://succulentes.net/especes-plantes-grasses/romneya/;ajoutée;Romneya, genre de la famille des Papavéracées comme les pavots. Découvrez ses deux espèces reconnues, Romneya coulteri et Romneya trichocalyx.
5193;https://succulentes.net/especes-plantes-grasses/sansevieria/;ajoutée;Sansevieria, succulentes d'Afrique et d'Asie désormais incluses dans Dracaena, dont Sansevieria trifasciata ou langue de belle-mère, plante d'intérieur.
5026;https://succulentes.net/especes-plantes-grasses/schlumbergera/;ajoutée;Schlumbergera ou cactus de Noël, cactées épiphytes du sud-est du Brésil : arrosage, lumière, hivernage, comment les faire fleurir et espèces du genre.
5382;https://succulentes.net/especes-plantes-grasses/sedum/;ajoutée;Sedum, petites succulentes souvent rampantes présentes dans le monde et en France. Espèces rustiques pour l'extérieur, floraisons appréciées des abeilles.
5160;https://succulentes.net/especes-plantes-grasses/selenicereus/;ajoutée;Selenicereus ou reines de la nuit, cactus grimpants aux grandes fleurs nocturnes. Rusticité limitée, culture possible dans les jardins abrités du sud-est.
5173;https://succulentes.net/especes-plantes-grasses/stenocereus/;ajoutée;Stenocereus, cactus d'Amérique centrale et du sud-ouest des États-Unis qui forment des cierges de grandes dimensions. Découvrez ce genre de cactées.
4616;https://succulentes.net/especes-plantes-grasses/strelitzia/;ajoutée;Strelitzia ou oiseaux de paradis, cinq espèces d'Afrique australe très ornementales : Strelitzia reginae, nicolai, juncea, sensibilité au gel et culture.
6517;https://succulentes.net/especes-plantes-grasses/syagrus/;ajoutée;Syagrus, palmiers presque tous sud-américains : répartition, morphologie, écologie, parenté avec le cocotier et Butia, rusticité et espèces cultivées.
7906;https://succulentes.net/especes-plantes-grasses/tagetes/;ajoutée;Tagetes, Astéracées ornementales dont l'oeillet d'Inde : une trentaine d'espèces, propriétés médicinales, usage au potager et espèces cultivées.
5402;https://succulentes.net/especes-plantes-grasses/trachycarpus/;ajoutée;Trachycarpus, palmiers d'Asie orientale dont le palmier de Chine, parmi les plus rustiques en Europe. Découvrez aussi la menace du papillon palmivore.
4512;https://succulentes.net/especes-plantes-grasses/trithrinax/;ajoutée;Trithrinax, palmiers épineux d'Amérique du Sud assez rustiques pour la France : croissance, intérêt ornemental, Trithrinax campestris et taxons.
4845;https://succulentes.net/especes-plantes-grasses/uncarina/;déjà présente;Les espèces du genre Uncarina sont de culture facile. Endémique de Madagascar, ces plantes succulentes sont assez rares en culture.
23893;https://succulentes.net/especes-plantes-grasses/vitaceae/;ajoutée;Vitaceae, famille de la vigne d'environ 900 espèces : caractères botaniques, importance économique, genres principaux et culture des Cyphostemma.
23894;https://succulentes.net/especes-plantes-grasses/vitaceae/cyphostemma/;ajoutée;Cyphostemma, environ 200 plantes pachycaules d'Afrique et de Madagascar au caudex spectaculaire : description, espèces dont Cyphostemma juttae et culture.
6885;https://succulentes.net/especes-plantes-grasses/xanthorrhoea/;ajoutée;Xanthorrhoea ou grass trees, xérophytes endémiques d'Australie à croissance très lente : résine, culture, floraison, résistance au gel et espèces.
871;https://succulentes.net/especes-plantes-grasses/yucca/;ajoutée;Yucca, plantes emblématiques d'Amérique du Nord souvent rustiques : écologie, exposition, drainage, semis, multiplication et espèces par sous-genre.
17597;https://succulentes.net/haworthiopsis/;erreur;Page sans contenu (corps vide) : aucune description rédigée pour ne rien inventer.
4532;https://succulentes.net/jardin-botanique/;ajoutée;Jardins botaniques du monde abritant des collections de plantes succulentes, palmiers, cycadales ou plantes australiennes. Découvrez-les par continent.
11025;https://succulentes.net/jardin-botanique/europe/;ajoutée;Liste des jardins botaniques d'Europe classés par pays, de l'Allemagne à la Tchéquie, dont Kew, Hanbury, le Jardin exotique de Monaco et le Rayol.
14652;https://succulentes.net/palmiers/;ajoutée;Palmiers (Arecaceae) : morphologie, écologie, plantation, arrosage, froid, ravageurs et panorama des genres cultivés dans les jardins méditerranéens.
6568;https://succulentes.net/palmiers/brahea/;déjà présente;Les palmiers du genre Brahea sont appréciés des jardiniers et des paysagistes car ils sont simples à culture et sont ornementaux.
6772;https://succulentes.net/palmiers/sabal/;ajoutée;Sabal, palmiers américains parmi les plus résistants au froid : reconnaissance, dix-huit espèces, culture, besoin de chaleur estivale, semis et rusticité.
4714;https://succulentes.net/palmiers/washingtonia/;ajoutée;Washingtonia, palmiers éventails de Californie et du Mexique : filifera, robusta et hybride, taxonomie, culture, rusticité et résistance aux ravageurs.
