/especes-plantes-grasses/cactaceae/	/famille-cactaceae/
/especes-plantes-grasses/anacardiaceae/	/famille-anacardiaceae/
/especes-plantes-grasses/apocynaceae/	/famille-apocynaceae/
/especes-plantes-grasses/burseraceae/	/famille-burseraceae/
/especes-plantes-grasses/malvaceae/	/famille-malvaceae/
/especes-plantes-grasses/moringaceae/	/famille-moringaceae/
/especes-plantes-grasses/pedaliaceae/	/famille-pedaliaceae/
/especes-plantes-grasses/vitaceae/	/famille-vitaceae/
/especes-plantes-grasses/fouquieracees/	/famille-fouquieriaceae/
/especes-plantes-grasses/astrophytum/	/famille-cactaceae/astrophytum/
/especes-plantes-grasses/cereus/	/famille-cactaceae/cereus/
/especes-plantes-grasses/cleistocactus/	/famille-cactaceae/cleistocactus/
/especes-plantes-grasses/echinocactus/	/famille-cactaceae/echinocactus/
/especes-plantes-grasses/echinopsis/	/famille-cactaceae/echinopsis/
/especes-plantes-grasses/ferocactus/	/famille-cactaceae/ferocactus/
/especes-plantes-grasses/mammillaria/	/famille-cactaceae/mammillaria/
/especes-plantes-grasses/melocactus/	/famille-cactaceae/melocactus/
/especes-plantes-grasses/myrtillocactus/	/famille-cactaceae/myrtillocactus/
/especes-plantes-grasses/opuntia/	/famille-cactaceae/opuntia/
/especes-plantes-grasses/schlumbergera/	/famille-cactaceae/schlumbergera/
/especes-plantes-grasses/selenicereus/	/famille-cactaceae/selenicereus/
/especes-plantes-grasses/stenocereus/	/famille-cactaceae/stenocereus/
/especes-plantes-grasses/copiapoa/	/famille-cactaceae/copiapoa/
/especes-plantes-grasses/cylindropuntia/	/famille-cactaceae/cylindropuntia/
/especes-plantes-grasses/echinocereus/	/famille-cactaceae/echinocereus/
/especes-plantes-grasses/epiphyllum/	/famille-cactaceae/epiphyllum/
/especes-plantes-grasses/espostoa/	/famille-cactaceae/espostoa/
/especes-plantes-grasses/hylocereus/	/famille-cactaceae/hylocereus/
/especes-plantes-grasses/lophophora/	/famille-cactaceae/lophophora/
/especes-plantes-grasses/neobuxbaumia/	/famille-cactaceae/neobuxbaumia/
/especes-plantes-grasses/pachycereus/	/famille-cactaceae/pachycereus/
/especes-plantes-grasses/pereskia/	/famille-cactaceae/pereskia/
/especes-plantes-grasses/agave/	/agavoides/agave/
/especes-plantes-grasses/yucca/	/agavoides/yucca/
/especes-plantes-grasses/nolina/	/agavoides/nolina/
/especes-plantes-grasses/dasylirion/	/agavoides/dasylirion/
/especes-plantes-grasses/beaucarnea/	/agavoides/beaucarnea/
/especes-plantes-grasses/beschorneria/	/agavoides/beschorneria/
/especes-plantes-grasses/furcraea/	/agavoides/furcraea/
/especes-plantes-grasses/calibanus/	/agavoides/calibanus/
/especes-plantes-grasses/cordyline/	/agavoides/cordyline/
/especes-plantes-grasses/dracaena/	/agavoides/dracaena/
/especes-plantes-grasses/sansevieria/	/agavoides/sansevieria/
/especes-plantes-grasses/lomandra/	/agavoides/lomandra/
/especes-plantes-grasses/doryanthes/	/agavoides/doryanthes/
/especes-plantes-grasses/aloe/	/aloides/aloe/
/especes-plantes-grasses/xanthorrhoea/	/aloides/xanthorrhoea/
/especes-plantes-grasses/aeonium/	/famille-crassulaceae/aeonium/
/especes-plantes-grasses/crassula/	/famille-crassulaceae/crassula/
/especes-plantes-grasses/echeveria/	/famille-crassulaceae/echeveria/
/especes-plantes-grasses/kalanchoe/	/famille-crassulaceae/kalanchoe/
/especes-plantes-grasses/sedum/	/famille-crassulaceae/sedum/
/especes-plantes-grasses/euphorbia/	/famille-euphorbiaceae/euphorbia/
/especes-plantes-grasses/jatropha/	/famille-euphorbiaceae/jatropha/
/especes-plantes-grasses/alluaudia/	/famille-didieraceae/alluaudia/
/especes-plantes-grasses/didierea/	/famille-didieraceae/didierea/
/especes-plantes-grasses/aechmea/	/famille-bromeliaceae/aechmea/
/especes-plantes-grasses/fascicularia/	/famille-bromeliaceae/fascicularia/
/especes-plantes-grasses/hechtia/	/famille-bromeliaceae/hechtia/
/especes-plantes-grasses/ochagavia/	/famille-bromeliaceae/ochagavia/
/especes-plantes-grasses/puya/	/famille-bromeliaceae/puya/
/especes-plantes-grasses/acacia/	/famille-fabaceae/acacia/
/especes-plantes-grasses/erythrina/	/famille-fabaceae/erythrina/
/especes-plantes-grasses/banksia/	/famille-proteaceae/banksia/
/especes-plantes-grasses/grevillea/	/famille-proteaceae/grevillea/
/especes-plantes-grasses/hakea/	/famille-proteaceae/hakea/
/especes-plantes-grasses/callistemon/	/famille-myrtaceae/callistemon/
/especes-plantes-grasses/cyathea/	/famille-cyatheaceae/cyathea/
/especes-plantes-grasses/leonotis/	/famille-lamiaceae/leonotis/
/especes-plantes-grasses/nymphaea/	/famille-nymphaeaceae/nymphaea/
/especes-plantes-grasses/nymphoides/	/famille-menyanthaceae/nymphoides/
/especes-plantes-grasses/romneya/	/famille-papaveraceae/romneya/
/especes-plantes-grasses/strelitzia/	/famille-strelitziaceae/strelitzia/
/especes-plantes-grasses/tagetes/	/famille-asteraceae/tagetes/
/especes-plantes-grasses/wollemia/	/famille-araucariaceae/wollemia/
/especes-plantes-grasses/phytolacca/	/famille-phytolaccaceae/phytolacca/
/especes-plantes-grasses/cussonia/	/famille-araliaceae/cussonia/
/especes-plantes-grasses/adenia/	/famille-passifloraceae/adenia/
/especes-plantes-grasses/adansonia/	/famille-malvaceae/adansonia/
/especes-plantes-grasses/brachychiton/	/famille-malvaceae/brachychiton/
/especes-plantes-grasses/chorisia/	/famille-malvaceae/chorisia/
/especes-plantes-grasses/pseudobombax/	/famille-malvaceae/pseudobombax/
/especes-plantes-grasses/adenium/	/famille-apocynaceae/adenium/
/especes-plantes-grasses/pachypodium/	/famille-apocynaceae/pachypodium/
/especes-plantes-grasses/plumeria/	/famille-apocynaceae/plumeria/
/especes-plantes-grasses/moringa/	/famille-moringaceae/moringa/
/especes-plantes-grasses/uncarina/	/famille-pedaliaceae/uncarina/
/especes-plantes-grasses/fouquieria/	/famille-fouquieriaceae/fouquieria/
/especes-plantes-grasses/butyagrus/	/palmiers/butyagrus/
/especes-plantes-grasses/chamaedorea/	/palmiers/chamaedorea/
/especes-plantes-grasses/chamaerops/	/palmiers/chamaerops/
/especes-plantes-grasses/livistona/	/palmiers/livistona/
/especes-plantes-grasses/nannorrhops/	/palmiers/nannorrhops/
/especes-plantes-grasses/phoenix/	/palmiers/phoenix/
/especes-plantes-grasses/rhapidophyllum/	/palmiers/rhapidophyllum/
/especes-plantes-grasses/syagrus/	/palmiers/syagrus/
/especes-plantes-grasses/trachycarpus/	/palmiers/trachycarpus/
/especes-plantes-grasses/trithrinax/	/palmiers/trithrinax/
/especes-plantes-grasses/le-genre-butia/	/palmiers/butia/
/haworthiopsis/	/aloides/haworthiopsis/
/especes-plantes-grasses/cycadales/	/cycadales/
/especes-plantes-grasses/dioon/	/cycadales/dioon/
/especes-plantes-grasses/encephalartos/	/cycadales/encephalartos/
/especes-plantes-grasses/zamia/	/cycadales/zamia/
/especes-plantes-grasses/ceratozamia/	/cycadales/ceratozamia/
/especes-plantes-grasses/stangeria/	/cycadales/stangeria/
/especes-plantes-grasses/washingtonia/	/palmiers/washingtonia/
/especes-plantes-grasses/brahea/	/palmiers/brahea/
/especes-plantes-grasses/sabal/	/palmiers/sabal/
/especes-plantes-grasses/didieraceae/	/famille-didieraceae/
/especes-plantes-grasses/xanthorrhoeae/	/aloides/xanthorrhoea/
